{"music": 0.09198396793587173, "effects": 0.3991983967935872}