{"music": 0.09198396793587173, "effects": 0.40240480961923847}